month,sales_curr,sales_prev_year,yoy_sales_growth,qty_curr,qty_prev_year,yoy_qty_growth
2021-12-01,7264189,7303110,-0.0053293733765477991,457,510,-0.10392156862745099